7BAOBI|7BAOBI
7FAM|7FAM
ACE|ACE
AMERICAN TOURISTER|AMERICAN TOURISTER
AT|AMERICAN TOURISTER
BAO BÌ|BAO BÌ
BAOBI|BAO BÌ
CARLTON|CARLTON
DELSEY|DELSEY
HANDBAG|HANDBAG
UCB|HANDBAG
SISLEY|HANDBAG
SEGUE|HANDBAG
FORNARINA|HANDBAG
SAMSONITE|SAMSONITE
SAMSONITE KID|SAMSONITE
SAMSONITE RED|SAMSONITE
SAMSONITE SBL|SAMSONITE
TRAVELER'S CHOICE|TRAVELER'S CHOICE
VICTORINOX|VICTORINOX
J&M|J&M
JM|J&M
BAONYLON|BAONYLON
KAMILIANT|KAMILIANT
HIGH SIERRA|HIGH SIERRA
LIPAULT|LIPAULT
